Position,Const,Created,Modified,Description,Title,URL,Title Type,IMDb Rating,Runtime (mins),Year,Genres,Num Votes,Release Date,Directors,Your Rating,Date Rated
1,tt0088470,2023-07-07,2023-07-07,,227,https://www.imdb.com/title/tt0088470/,tvSeries,6.7,30,1985,Comedy,3742,1985-09-14,,,
2,tt0285331,2023-07-07,2023-07-07,,24,https://www.imdb.com/title/tt0285331/,tvSeries,8.4,44,2001,"Action, Crime, Drama, Thriller",192039,2001-11-06,,,
3,tt0496424,2023-07-07,2023-07-07,,30 Rock,https://www.imdb.com/title/tt0496424/,tvSeries,8.3,22,2006,Comedy,128040,2006-10-11,,,
4,tt0115082,2023-07-07,2023-07-07,,3rd Rock from the Sun,https://www.imdb.com/title/tt0115082/,tvSeries,7.8,60,1996,"Comedy, Family, Sci-Fi",54047,1996-01-09,,,
5,tt0084967,2023-07-07,2023-07-07,,The A-Team,https://www.imdb.com/title/tt0084967/,tvSeries,7.5,60,1983,"Action, Adventure, Crime",40173,1983-01-23,,,
6,tt14218830,2023-07-07,2023-07-07,,Abbott Elementary,https://www.imdb.com/title/tt14218830/,tvSeries,8.2,22,2021,Comedy,27318,2021-12-07,,,
7,tt0057729,2023-07-07,2023-07-07,,The Addams Family,https://www.imdb.com/title/tt0057729/,tvSeries,8.0,30,1964,"Comedy, Family, Horror",20796,1964-09-18,,,
8,tt0090390,2023-07-07,2023-07-07,,ALF,https://www.imdb.com/title/tt0090390/,tvSeries,7.4,30,1986,"Comedy, Family, Sci-Fi",37331,1986-09-22,,,
9,tt20859920,2023-07-07,2023-07-07,,Hwan Hon,https://www.imdb.com/title/tt20859920/,tvSeries,8.8,80,2022,"Action, Drama, Fantasy, Romance, Thriller",12168,2022-06-18,,8,2023-04-30
10,tt0047708,2023-07-07,2023-07-07,,Alfred Hitchcock Presents,https://www.imdb.com/title/tt0047708/,tvSeries,8.5,25,1955,Drama,18347,1955-10-02,,,
11,tt0066626,2023-07-07,2023-07-07,,All in the Family,https://www.imdb.com/title/tt0066626/,tvSeries,8.4,30,1971,"Comedy, Drama",17709,1971-01-12,,,
12,tt14169960,2023-07-07,2023-07-07,,Ji-geum u-ri hak-gyo-neun,https://www.imdb.com/title/tt14169960/,tvSeries,7.5,60,2022,"Action, Drama, Fantasy, Horror, Sci-Fi, Thriller",57657,2022-01-28,,7,2023-04-30
13,tt0397306,2023-07-07,2023-07-07,,American Dad!,https://www.imdb.com/title/tt0397306/,tvSeries,7.4,22,2005,"Animation, Comedy",131915,2005-02-06,,,
14,tt9253284,2023-07-07,2023-07-07,,Andor,https://www.imdb.com/title/tt9253284/,tvSeries,8.4,40,2022,"Action, Adventure, Drama, Sci-Fi, Thriller",142137,2022-09-20,,,
15,tt0053479,2023-07-07,2023-07-07,,The Andy Griffith Show,https://www.imdb.com/title/tt0053479/,tvSeries,8.4,30,1960,"Comedy, Family",16038,1960-10-03,,,
16,tt0105941,2023-07-07,2023-07-07,,Animaniacs,https://www.imdb.com/title/tt0105941/,tvSeries,7.9,21,1993,"Animation, Short, Adventure, Comedy, Family, Musical",24895,1993-09-13,,,
17,tt11126994,2023-07-07,2023-07-07,,Arcane: League of Legends,https://www.imdb.com/title/tt11126994/,tvSeries,9.0,41,2021,"Animation, Action, Adventure, Drama, Fantasy, Sci-Fi",233805,2021-11-06,,,
18,tt1486217,2023-07-07,2023-07-07,,Archer,https://www.imdb.com/title/tt1486217/,tvSeries,8.6,22,2009,"Animation, Action, Comedy",159996,2009-09-17,,,
19,tt0367279,2023-07-07,2023-07-07,,Arrested Development,https://www.imdb.com/title/tt0367279/,tvSeries,8.7,22,2003,Comedy,314434,2003-11-02,,,
20,tt4189022,2023-07-07,2023-07-07,,Ash vs Evil Dead,https://www.imdb.com/title/tt4189022/,tvSeries,8.4,30,2015,"Action, Comedy, Horror, Thriller",77479,2015-10-31,,,
21,tt2560140,2023-07-07,2023-07-07,,Shingeki no Kyojin,https://www.imdb.com/title/tt2560140/,tvSeries,9.1,24,2013,"Animation, Action, Adventure, Drama, Fantasy, Horror",417780,2013-04-07,,,
22,tt0417299,2023-07-07,2023-07-07,,Avatar: The Last Airbender,https://www.imdb.com/title/tt0417299/,tvSeries,9.3,23,2005,"Animation, Action, Adventure, Family, Fantasy, Mystery",335865,2005-02-21,,,
23,tt0185906,2023-07-07,2023-07-07,,Band of Brothers,https://www.imdb.com/title/tt0185906/,tvMiniSeries,9.4,594,2001,"Drama, History, War",488300,2001-09-09,,,
24,tt2017109,2023-07-07,2023-07-07,,Banshee,https://www.imdb.com/title/tt2017109/,tvSeries,8.4,60,2013,"Action, Crime, Drama, Mystery, Thriller",111454,2013-01-11,,,
25,tt0072472,2023-07-10,2023-07-10,,Barney Miller,https://www.imdb.com/title/tt0072472/,tvSeries,8.3,30,1975,"Comedy, Drama",6847,1974-08-22,,,
26,tt0103359,2023-07-07,2023-07-07,,Batman: The Animated Series,https://www.imdb.com/title/tt0103359/,tvSeries,9.0,23,1992,"Animation, Action, Adventure, Crime, Family, Mystery, Sci-Fi",109540,1992-09-05,,,
27,tt0407362,2023-07-07,2023-07-07,,Battlestar Galactica,https://www.imdb.com/title/tt0407362/,tvSeries,8.7,44,2004,"Action, Adventure, Drama, Sci-Fi",170799,2004-10-18,,,
28,tt14452776,2023-07-07,2023-07-07,,The Bear,https://www.imdb.com/title/tt14452776/,tvSeries,8.5,30,2022,"Comedy, Drama",108007,2022-06-23,,,
29,tt14403178,2023-07-07,2023-07-07,,Beef,https://www.imdb.com/title/tt14403178/,tvSeries,8.1,30,2023,"Comedy, Drama",92104,2023-03-31,,,
30,tt3032476,2023-07-07,2023-07-07,,Better Call Saul,https://www.imdb.com/title/tt3032476/,tvSeries,9.0,46,2015,"Crime, Drama",586576,2015-02-08,,,
31,tt0098749,2023-07-10,2023-07-10,,"Beverly Hills, 90210",https://www.imdb.com/title/tt0098749/,tvSeries,6.5,44,1990,"Drama, Romance",35987,1990-10-04,,,
32,tt0057733,2023-07-07,2023-07-07,,Bewitched,https://www.imdb.com/title/tt0057733/,tvSeries,7.6,25,1964,"Comedy, Family, Fantasy, Romance",23074,1964-09-17,,,
33,tt0898266,2023-07-07,2023-07-07,,The Big Bang Theory,https://www.imdb.com/title/tt0898266/,tvSeries,8.2,22,2007,"Comedy, Romance",833296,2006-05-01,,,
34,tt3920596,2023-07-07,2023-07-07,,Big Little Lies,https://www.imdb.com/title/tt3920596/,tvSeries,8.5,60,2017,"Crime, Drama, Mystery",211851,2017-02-07,,,
35,tt2375692,2023-07-07,2023-07-07,,Black Sails,https://www.imdb.com/title/tt2375692/,tvSeries,8.2,56,2014,"Action, Adventure, Drama",108699,2014-01-25,,,
36,tt0084988,2023-07-07,2023-07-07,,The Black Adder,https://www.imdb.com/title/tt0084988/,tvSeries,8.0,195,1982,Comedy,39773,1983-06-15,,,
37,tt1344204,2023-07-07,2023-07-07,,Blue Mountain State,https://www.imdb.com/title/tt1344204/,tvSeries,8.3,22,2010,"Comedy, Sport",55772,2010-01-11,,,
38,tt1561755,2023-07-07,2023-07-07,,Bob's Burgers,https://www.imdb.com/title/tt1561755/,tvSeries,8.2,22,2011,"Animation, Comedy",86741,2011-01-09,,,
39,tt3398228,2023-07-07,2023-07-07,,BoJack Horseman,https://www.imdb.com/title/tt3398228/,tvSeries,8.8,25,2014,"Animation, Comedy, Drama",171963,2014-08-22,,,
40,tt0373732,2023-07-07,2023-07-07,,The Boondocks,https://www.imdb.com/title/tt0373732/,tvSeries,8.5,22,2005,"Animation, Action, Comedy, Drama",33146,2005-11-06,,,
41,tt0105958,2023-07-07,2023-07-07,,Boy Meets World,https://www.imdb.com/title/tt0105958/,tvSeries,8.1,23,1993,"Comedy, Drama, Family",44797,1993-09-24,,,
42,tt1190634,2023-07-07,2023-07-07,,The Boys,https://www.imdb.com/title/tt1190634/,tvSeries,8.7,60,2019,"Action, Comedy, Crime, Drama, Sci-Fi",563532,2019-07-16,,,
43,tt0063878,2023-07-07,2023-07-07,,The Brady Bunch,https://www.imdb.com/title/tt0063878/,tvSeries,6.8,30,1969,"Comedy, Family",14982,1969-09-26,,,
44,tt0903747,2023-07-07,2023-07-07,,Breaking Bad,https://www.imdb.com/title/tt0903747/,tvSeries,9.5,49,2008,"Crime, Drama, Thriller",1998880,2008-01-20,,,
45,tt2249364,2023-07-07,2023-07-07,,Broadchurch,https://www.imdb.com/title/tt2249364/,tvSeries,8.4,48,2013,"Crime, Drama, Mystery",119340,2013-03-04,,,
46,tt2467372,2023-07-07,2023-07-07,,Brooklyn Nine-Nine,https://www.imdb.com/title/tt2467372/,tvSeries,8.4,22,2013,"Comedy, Crime",336199,2013-09-17,,,
47,tt0118276,2023-07-07,2023-07-07,,Buffy the Vampire Slayer,https://www.imdb.com/title/tt0118276/,tvSeries,8.3,44,1997,"Action, Drama, Fantasy, Romance",153144,1997-03-07,,,
48,tt14819828,2023-07-07,2023-07-07,,Business Proposal,https://www.imdb.com/title/tt14819828/,tvSeries,8.1,60,2022,"Comedy, Drama, Romance",17031,2022-02-07,,,
49,tt0353049,2023-07-07,2023-07-07,,Chappelle's Show,https://www.imdb.com/title/tt0353049/,tvSeries,8.8,22,2003,"Comedy, Music",68518,2003-01-22,,,
50,tt0083399,2023-07-07,2023-07-07,,Cheers,https://www.imdb.com/title/tt0083399/,tvSeries,8.0,22,1982,"Comedy, Drama",58627,1982-09-30,,,
51,tt7366338,2023-07-07,2023-07-07,,Chernobyl,https://www.imdb.com/title/tt7366338/,tvMiniSeries,9.4,330,2019,"Drama, History, Thriller",805627,2019-05-06,,,
52,tt8388390,2023-07-07,2023-07-07,,Chucky,https://www.imdb.com/title/tt8388390/,tvSeries,7.3,42,2021,"Horror, Thriller",23267,2021-10-12,,,
53,tt7221388,2023-07-07,2023-07-07,,Cobra Kai,https://www.imdb.com/title/tt7221388/,tvSeries,8.5,30,2018,"Action, Comedy, Drama, Sport",194975,2018-04-30,,,
54,tt1466074,2023-07-10,2023-07-10,,Columbo,https://www.imdb.com/title/tt1466074/,tvSeries,8.3,100,1971,"Crime, Drama, Mystery, Thriller",38780,1971-09-15,,,
55,tt1439629,2023-07-07,2023-07-07,,Community,https://www.imdb.com/title/tt1439629/,tvSeries,8.5,22,2009,Comedy,278840,2009-09-16,,,
56,tt0086687,2023-07-07,2023-07-07,,The Cosby Show,https://www.imdb.com/title/tt0086687/,tvSeries,7.4,30,1984,"Comedy, Family, Romance",35274,1984-09-20,,,
57,tt0081846,2023-07-10,2023-07-10,,Cosmos,https://www.imdb.com/title/tt0081846/,tvMiniSeries,9.3,780,1980,Documentary,42388,1980-09-28,,,
58,tt10850932,2023-07-07,2023-07-07,,Sa-rang-eui bul-shi-chak,https://www.imdb.com/title/tt10850932/,tvSeries,8.7,70,2019,"Adventure, Comedy, Romance",34536,2019-12-14,,9,2023-04-30
59,tt4786824,2023-07-07,2023-07-07,,The Crown,https://www.imdb.com/title/tt4786824/,tvSeries,8.6,58,2016,"Biography, Drama, History",231533,2016-11-01,,,
60,tt0264235,2023-07-07,2023-07-07,,Curb Your Enthusiasm,https://www.imdb.com/title/tt0264235/,tvSeries,8.8,28,2000,Comedy,135377,2000-10-14,,,
61,tt3322312,2023-07-07,2023-07-07,,Daredevil,https://www.imdb.com/title/tt3322312/,tvSeries,8.6,54,2015,"Action, Crime, Drama, Fantasy, Sci-Fi, Thriller",455907,2015-04-02,,,
62,tt5753856,2023-07-07,2023-07-07,,Dark,https://www.imdb.com/title/tt5753856/,tvSeries,8.7,60,2017,"Crime, Drama, Mystery, Sci-Fi, Thriller",413227,2017-09-09,,,
63,tt1285482,2023-07-07,2023-07-07,,Dead Set,https://www.imdb.com/title/tt1285482/,tvMiniSeries,7.6,141,2008,"Comedy, Drama, Horror, Reality-TV, Sci-Fi, Thriller",20395,2008-10-18,,,
64,tt0348914,2023-07-07,2023-07-07,,Deadwood,https://www.imdb.com/title/tt0348914/,tvSeries,8.6,55,2004,"Crime, Drama, History, Western",112116,2004-03-21,,,
65,tt0877057,2023-07-07,2023-07-07,,Death Note: Desu n√¥to,https://www.imdb.com/title/tt0877057/,tvSeries,8.9,23,2006,"Animation, Crime, Drama, Fantasy, Mystery, Thriller",347511,2006-10-03,,,
66,tt0288937,2023-07-07,2023-07-07,,Degrassi: The Next Generation,https://www.imdb.com/title/tt0288937/,tvSeries,7.6,30,2001,"Drama, Romance",14216,2001-10-04,,,
67,tt4925000,2023-07-07,2023-07-07,,Tae-yang-eui hoo-ye,https://www.imdb.com/title/tt4925000/,tvSeries,8.2,60,2016,"Action, Comedy, Drama, Romance",18871,2016-02-24,,,
68,tt0773262,2023-07-07,2023-07-07,,Dexter,https://www.imdb.com/title/tt0773262/,tvSeries,8.7,53,2006,"Crime, Drama, Mystery, Thriller",741616,2006-10-01,,,
69,tt0054533,2023-07-07,2023-07-07,,The Dick Van Dyke Show,https://www.imdb.com/title/tt0054533/,tvSeries,8.4,30,1961,"Comedy, Family",11296,1961-10-03,,,
70,tt0077003,2023-07-10,2023-07-10,,Diff'rent Strokes,https://www.imdb.com/title/tt0077003/,tvSeries,6.6,30,1978,"Comedy, Drama, Family",11934,1978-11-03,,,
71,tt0101081,2023-07-07,2023-07-07,,Dinosaurs,https://www.imdb.com/title/tt0101081/,tvSeries,7.5,30,1991,"Comedy, Family, Fantasy, Sci-Fi",20593,1991-04-26,,,
72,tt0056751,2023-07-07,2023-07-07,,Doctor Who,https://www.imdb.com/title/tt0056751/,tvSeries,8.4,45,1963,"Adventure, Drama, Family, Sci-Fi",38241,1963-11-23,,,
73,tt0436992,2023-07-07,2023-07-07,,Doctor Who,https://www.imdb.com/title/tt0436992/,tvSeries,8.6,45,2005,"Adventure, Drama, Sci-Fi",232426,2005-03-26,,,
74,tt8416494,2023-07-07,2023-07-07,,Doom Patrol,https://www.imdb.com/title/tt8416494/,tvSeries,7.8,60,2019,"Action, Adventure, Comedy, Drama, Mystery, Sci-Fi",56508,2019-01-11,,,
75,tt9174558,2023-07-07,2023-07-07,,Dopesick,https://www.imdb.com/title/tt9174558/,tvMiniSeries,8.6,492,2021,Drama,65352,2021-10-13,,,
76,tt0866442,2023-07-07,2023-07-07,,Eastbound & Down,https://www.imdb.com/title/tt0866442/,tvSeries,8.3,28,2009,"Comedy, Drama, Sport",61149,2009-02-15,,,
77,tt0387199,2023-07-07,2023-07-07,,Entourage,https://www.imdb.com/title/tt0387199/,tvSeries,8.5,28,2004,"Comedy, Drama",173273,2004-07-18,,,
78,tt8772296,2023-07-07,2023-07-07,,Euphoria,https://www.imdb.com/title/tt8772296/,tvSeries,8.3,55,2019,Drama,211262,2019-06-16,,,
79,tt0460637,2023-07-07,2023-07-07,,Everybody Hates Chris,https://www.imdb.com/title/tt0460637/,tvSeries,7.5,22,2005,"Comedy, Drama, Music",40094,2005-09-22,,,
80,tt0115167,2023-07-07,2023-07-07,,Everybody Loves Raymond,https://www.imdb.com/title/tt0115167/,tvSeries,7.3,22,1996,Comedy,74121,1996-09-13,,,
81,tt3230854,2023-07-07,2023-07-07,,The Expanse,https://www.imdb.com/title/tt3230854/,tvSeries,8.5,60,2015,"Drama, Mystery, Sci-Fi",162238,2015-09-15,,,
82,tt20869502,2023-07-07,2023-07-07,,I-sang-han byeon-ho-sa U-yeong-u,https://www.imdb.com/title/tt20869502/,tvSeries,8.7,75,2022,Drama,20563,2022-06-29,,10,2023-04-30
83,tt0445114,2023-07-07,2023-07-07,,Extras,https://www.imdb.com/title/tt0445114/,tvSeries,8.3,30,2005,"Comedy, Drama",58764,2005-07-21,,,
84,tt0078610,2023-07-10,2023-07-10,,The Facts of Life,https://www.imdb.com/title/tt0078610/,tvSeries,6.8,30,1979,"Comedy, Family",8076,1979-08-24,,,
85,tt0182576,2023-07-07,2023-07-07,,Family Guy,https://www.imdb.com/title/tt0182576/,tvSeries,8.2,22,1999,"Animation, Comedy",352218,1999-01-31,,,
86,tt0083413,2023-07-07,2023-07-07,,Family Ties,https://www.imdb.com/title/tt0083413/,tvSeries,7.3,30,1982,"Comedy, Drama, Family",19317,1982-09-22,,,
87,tt2802850,2023-07-07,2023-07-07,,Fargo,https://www.imdb.com/title/tt2802850/,tvSeries,8.9,53,2014,"Crime, Drama, Thriller",385404,2014-04-15,,,
88,tt0111958,2023-07-07,2023-07-07,,Father Ted,https://www.imdb.com/title/tt0111958/,tvSeries,8.7,25,1995,Comedy,42133,1995-04-21,,,
89,tt0072500,2023-07-07,2023-07-07,,Fawlty Towers,https://www.imdb.com/title/tt0072500/,tvSeries,8.8,30,1975,Comedy,96762,1975-09-19,,,
90,tt0303461,2023-07-07,2023-07-07,,Firefly,https://www.imdb.com/title/tt0303461/,tvSeries,9.0,44,2002,"Adventure, Drama, Sci-Fi",273121,2002-09-20,,,
91,tt5687612,2023-07-07,2023-07-07,,Fleabag,https://www.imdb.com/title/tt5687612/,tvSeries,8.7,27,2016,"Comedy, Drama",176927,2016-07-21,,,
92,tt0863046,2023-07-07,2023-07-07,,Flight of the Conchords,https://www.imdb.com/title/tt0863046/,tvSeries,8.6,28,2007,"Comedy, Music, Musical",63750,2007-06-17,,,
93,tt0053502,2023-07-07,2023-07-07,,The Flintstones,https://www.imdb.com/title/tt0053502/,tvSeries,7.5,26,1960,"Animation, Adventure, Comedy, Family",39094,1960-05-01,,,
94,tt11691684,2023-07-07,2023-07-07,,Flower of Evil,https://www.imdb.com/title/tt11691684/,tvSeries,8.6,70,2020,"Crime, Mystery, Romance, Thriller",10960,2020-07-23,,,
95,tt0106004,2023-07-07,2023-07-07,,Frasier,https://www.imdb.com/title/tt0106004/,tvSeries,8.2,22,1992,Comedy,88702,1993-09-16,,,
96,tt0193676,2023-07-07,2023-07-07,,Freaks and Geeks,https://www.imdb.com/title/tt0193676/,tvSeries,8.8,44,1999,"Comedy, Drama",147965,1999-09-25,,,
97,tt0098800,2023-07-07,2023-07-07,,The Fresh Prince of Bel-Air,https://www.imdb.com/title/tt0098800/,tvSeries,7.9,22,1990,Comedy,139900,1990-09-10,,,
98,tt0758745,2023-07-07,2023-07-07,,Friday Night Lights,https://www.imdb.com/title/tt0758745/,tvSeries,8.7,44,2006,"Drama, Sport",69471,2006-10-03,,,
99,tt0108778,2023-07-07,2023-07-07,,Friends,https://www.imdb.com/title/tt0108778/,tvSeries,8.9,22,1994,"Comedy, Romance",1033141,1994-09-22,,,
100,tt0092359,2023-07-07,2023-07-07,,Full House,https://www.imdb.com/title/tt0092359/,tvSeries,6.8,22,1987,"Comedy, Drama, Family",60899,1987-03-10,,,
101,tt0149460,2023-07-07,2023-07-07,,Futurama,https://www.imdb.com/title/tt0149460/,tvSeries,8.5,22,1999,"Animation, Adventure, Comedy, Sci-Fi",247709,1999-03-28,,,
102,tt0944947,2023-07-07,2023-07-07,,Game of Thrones,https://www.imdb.com/title/tt0944947/,tvSeries,9.2,57,2011,"Action, Adventure, Drama, Fantasy",2177976,2011-04-16,,,
103,tt0058805,2023-07-07,2023-07-07,,Get Smart,https://www.imdb.com/title/tt0058805/,tvSeries,8.2,25,1965,"Action, Adventure, Comedy, Crime, Family, Mystery, Sci-Fi",13194,1965-09-18,,,
104,tt0057751,2023-07-07,2023-07-07,,Gilligan's Island,https://www.imdb.com/title/tt0057751/,tvSeries,7.4,30,1964,"Comedy, Family",15995,1964-09-26,,,
105,tt21344706,2023-07-07,2023-07-07,,The Glory,https://www.imdb.com/title/tt21344706/,tvSeries,8.1,50,2022,"Drama, Mystery, Thriller",19040,2022-12-30,,,
106,tt0088526,2023-07-07,2023-07-07,,The Golden Girls,https://www.imdb.com/title/tt0088526/,tvSeries,8.2,30,1985,"Comedy, Drama",44355,1985-09-14,,,
107,tt6470478,2023-07-07,2023-07-07,,The Good Doctor,https://www.imdb.com/title/tt6470478/,tvSeries,8.0,41,2017,Drama,104616,2017-09-25,,,
108,tt4955642,2023-07-07,2023-07-07,,The Good Place,https://www.imdb.com/title/tt4955642/,tvSeries,8.2,22,2016,"Comedy, Drama, Fantasy, Mystery, Romance",174280,2016-09-19,,,
109,tt0088527,2023-07-10,2023-07-10,,Growing Pains,https://www.imdb.com/title/tt0088527/,tvSeries,6.6,30,1985,"Comedy, Family",15747,1985-09-24,,,
110,tt5994364,2023-07-07,2023-07-07,,Sseul-sseul-ha-go cha-ran-ha-sin-do-ggae-bi,https://www.imdb.com/title/tt5994364/,tvSeries,8.6,120,2016,"Comedy, Drama, Fantasy, Romance",24289,2016-12-02,,,
111,tt0413573,2023-07-07,2023-07-07,,Grey's Anatomy,https://www.imdb.com/title/tt0413573/,tvSeries,7.6,41,2005,"Drama, Romance",324462,2005-03-27,,,
112,tt5834204,2023-07-07,2023-07-07,,The Handmaid's Tale,https://www.imdb.com/title/tt5834204/,tvSeries,8.4,60,2017,"Drama, Sci-Fi, Thriller",247998,2017-04-24,,,
113,tt2243973,2023-07-07,2023-07-07,,Hannibal,https://www.imdb.com/title/tt2243973/,tvSeries,8.5,44,2013,"Crime, Drama, Horror, Mystery, Thriller",263900,2013-04-04,,,
114,tt0070992,2023-07-07,2023-07-07,,Happy Days,https://www.imdb.com/title/tt0070992/,tvSeries,7.4,30,1974,"Comedy, Family, Music",20056,1974-01-15,,,
115,tt10970552,2023-07-07,2023-07-07,,The Haunting of Bly Manor,https://www.imdb.com/title/tt10970552/,tvMiniSeries,7.4,494,2020,"Drama, Horror, Mystery, Thriller",114051,2020-10-09,,,
116,tt6763664,2023-07-07,2023-07-07,,The Haunting of Hill House,https://www.imdb.com/title/tt6763664/,tvMiniSeries,8.6,572,2018,"Drama, Horror, Mystery, Thriller",261012,2018-10-07,,,
117,tt4284216,2023-07-10,2023-07-10,,Hilleo,https://www.imdb.com/title/tt4284216/,tvSeries,8.5,60,2014,"Action, Comedy, Crime, Drama, Romance, Thriller",9601,2014-12-08,,,
118,tt0058812,2023-07-07,2023-07-07,,Hogan's Heroes,https://www.imdb.com/title/tt0058812/,tvSeries,7.8,25,1965,"Comedy, War",11495,1965-09-17,,,
119,tt0101120,2023-07-07,2023-07-07,,Home Improvement,https://www.imdb.com/title/tt0101120/,tvSeries,7.2,22,1991,"Comedy, Family",46346,1991-09-17,,,
120,tt14518756,2023-07-07,2023-07-07,,Gaet-na-eul cha-cha-cha,https://www.imdb.com/title/tt14518756/,tvSeries,8.4,70,2021,"Comedy, Drama, Romance",15956,2021-08-28,,,
121,tt0042114,2023-07-10,2023-07-10,,The Honeymooners,https://www.imdb.com/title/tt0042114/,tvSeries,8.6,30,1955,"Comedy, Family",5912,1955-10-01,,,
122,tt11769304,2023-07-10,2023-07-10,,Seulgiroun Euisasaenghal,https://www.imdb.com/title/tt11769304/,tvSeries,8.8,84,2020,"Comedy, Drama, Romance",6538,2020-03-12,,,
123,tt10220588,2023-07-07,2023-07-07,,Hotel Del Luna,https://www.imdb.com/title/tt10220588/,tvSeries,8.1,80,2019,"Action, Comedy, Drama, Fantasy, Horror, Mystery, Romance",11277,2019-06-03,,,
124,tt0412142,2023-07-07,2023-07-07,,House M.D.,https://www.imdb.com/title/tt0412142/,tvSeries,8.7,44,2004,"Drama, Mystery",483235,2004-11-15,,,
125,tt11198330,2023-07-07,2023-07-07,,House of the Dragon,https://www.imdb.com/title/tt11198330/,tvSeries,8.5,,2022,"Action, Adventure, Drama, Fantasy, Romance",332513,2022-08-21,,,
126,tt0058815,2023-07-07,2023-07-07,,I Dream of Jeannie,https://www.imdb.com/title/tt0058815/,tvSeries,7.4,,1965,"Comedy, Family, Fantasy",16638,1965-09-18,,,
127,tt0043208,2023-07-07,2023-07-07,,I Love Lucy,https://www.imdb.com/title/tt0043208/,tvSeries,8.5,30,1951,"Comedy, Family",27822,1951-10-15,,,
128,tt0098830,2023-07-07,2023-07-07,,In Living Color,https://www.imdb.com/title/tt0098830/,tvSeries,8.1,30,1990,"Comedy, Music",12125,1990-04-15,,,
129,tt6741278,2023-07-07,2023-07-07,,Invincible,https://www.imdb.com/title/tt6741278/,tvSeries,8.7,50,2021,"Animation, Action, Adventure, Drama, Fantasy, Sci-Fi, Thriller",156459,2021-03-25,,,
130,tt0487831,2023-07-07,2023-07-07,,The IT Crowd,https://www.imdb.com/title/tt0487831/,tvSeries,8.5,25,2006,Comedy,158625,2006-02-03,,,
131,tt0472954,2023-07-07,2023-07-07,,It's Always Sunny in Philadelphia,https://www.imdb.com/title/tt0472954/,tvSeries,8.8,22,2005,Comedy,238381,2005-08-04,,,
132,tt12451520,2023-07-07,2023-07-07,,Saikojiman Gwaenchanha,https://www.imdb.com/title/tt12451520/,tvSeries,8.6,80,2020,"Comedy, Drama, Romance",28616,2020-06-01,,9,2023-04-30
133,tt11239552,2023-07-07,2023-07-07,,Itaewon Keullasseu,https://www.imdb.com/title/tt11239552/,tvSeries,8.2,70,2020,"Drama, Romance",16394,2020-01-31,,,
134,tt0072519,2023-07-07,2023-07-07,,The Jeffersons,https://www.imdb.com/title/tt0072519/,tvSeries,7.5,30,1975,Comedy,10072,1975-01-18,,,
135,tt1489428,2023-07-07,2023-07-07,,Justified,https://www.imdb.com/title/tt1489428/,tvSeries,8.6,44,2010,"Action, Crime, Drama, Mystery, Thriller, Western",107121,2010-03-16,,,
136,tt0165581,2023-07-07,2023-07-07,,The King of Queens,https://www.imdb.com/title/tt0165581/,tvSeries,7.4,22,1998,Comedy,85343,1998-09-21,,,
137,tt0118375,2023-07-07,2023-07-07,,King of the Hill,https://www.imdb.com/title/tt0118375/,tvSeries,7.5,30,1997,"Animation, Comedy, Drama",55726,1997-01-12,,,
138,tt6611916,2023-07-07,2023-07-07,,Kingdom,https://www.imdb.com/title/tt6611916/,tvSeries,8.3,45,2019,"Action, Drama, Horror, Thriller",50260,2019-01-25,,9,2023-04-30
139,tt4179452,2023-07-10,2023-07-10,,The Last Kingdom,https://www.imdb.com/title/tt4179452/,tvSeries,8.5,60,2015,"Action, Drama, History",155547,2015-10-10,,,
140,tt3581920,2023-07-07,2023-07-07,,The Last of Us,https://www.imdb.com/title/tt3581920/,tvSeries,8.8,50,2023,"Action, Adventure, Drama, Horror, Sci-Fi, Thriller",432303,2023-01-15,,,
141,tt5766194,2023-07-07,2023-07-07,,Pooreun Badaui Junsul,https://www.imdb.com/title/tt5766194/,tvSeries,8.1,60,2016,"Comedy, Drama, Fantasy, Romance",10818,2016-11-16,,,
142,tt4647692,2023-07-07,2023-07-07,,Letterkenny,https://www.imdb.com/title/tt4647692/,tvSeries,8.7,30,2016,Comedy,26054,2016-02-07,,,
143,tt9140554,2023-07-07,2023-07-07,,Loki,https://www.imdb.com/title/tt9140554/,tvSeries,8.2,53,2021,"Action, Adventure, Fantasy, Sci-Fi",345288,2021-06-09,,,
144,tt0096639,2023-07-07,2023-07-07,,Lonesome Dove,https://www.imdb.com/title/tt0096639/,tvMiniSeries,8.7,384,1989,"Adventure, Drama, Western",24367,1989-02-05,,,
145,tt0411008,2023-07-07,2023-07-07,,Lost,https://www.imdb.com/title/tt0411008/,tvSeries,8.3,44,2004,"Adventure, Drama, Fantasy, Mystery, Sci-Fi, Thriller",571468,2004-09-22,,,
146,tt0068098,2023-07-07,2023-07-07,,M*A*S*H,https://www.imdb.com/title/tt0068098/,tvSeries,8.5,25,1972,"Comedy, Drama, War",60477,1972-09-17,,,
147,tt0804503,2023-07-07,2023-07-07,,Mad Men,https://www.imdb.com/title/tt0804503/,tvSeries,8.7,47,2007,Drama,249414,2007-07-19,,,
148,tt5189670,2023-07-07,2023-07-07,,Making a Murderer,https://www.imdb.com/title/tt5189670/,tvSeries,8.6,60,2015,"Documentary, Crime",99328,2015-12-18,,,
149,tt0212671,2023-07-07,2023-07-07,,Malcolm in the Middle,https://www.imdb.com/title/tt0212671/,tvSeries,8.2,22,2000,"Comedy, Family",136700,2000-01-09,,,
150,tt0085050,2023-07-10,2023-07-10,,Mama's Family,https://www.imdb.com/title/tt0085050/,tvSeries,7.3,30,1983,Comedy,6230,1983-01-22,,,
151,tt8111088,2023-07-07,2023-07-07,,The Mandalorian,https://www.imdb.com/title/tt8111088/,tvSeries,8.7,40,2019,"Action, Adventure, Fantasy, Sci-Fi",550834,2019-11-12,,,
152,tt0092400,2023-07-07,2023-07-07,,Married with Children,https://www.imdb.com/title/tt0092400/,tvSeries,8.1,22,1987,Comedy,107612,1987-04-05,,,
153,tt0103488,2023-07-07,2023-07-07,,Martin,https://www.imdb.com/title/tt0103488/,tvSeries,7.5,30,1992,"Comedy, Drama, Romance",10231,1992-08-27,,,
154,tt5788792,2023-07-07,2023-07-07,,The Marvelous Mrs. Maisel,https://www.imdb.com/title/tt5788792/,tvSeries,8.7,57,2017,"Comedy, Drama",132545,2017-03-17,,,
155,tt0065314,2023-07-10,2023-07-10,,Mary Tyler Moore,https://www.imdb.com/title/tt0065314/,tvSeries,8.3,30,1970,Comedy,9616,1970-09-19,,,
156,tt0060009,2023-07-07,2023-07-07,,Mission: Impossible,https://www.imdb.com/title/tt0060009/,tvSeries,7.9,,1966,"Action, Adventure, Crime, Drama, Thriller",10586,1966-09-17,,,
157,tt1442437,2023-07-07,2023-07-07,,Modern Family,https://www.imdb.com/title/tt1442437/,tvSeries,8.5,22,2009,"Comedy, Drama, Romance",454464,2009-09-23,,,
158,tt0063929,2023-07-07,2023-07-07,,Monty Python's Flying Circus,https://www.imdb.com/title/tt0063929/,tvSeries,8.8,30,1969,Comedy,76660,1969-10-05,,,
159,tt5320412,2023-07-07,2023-07-07,,Dalui Yeonin - Bobogyungsim Ryeo,https://www.imdb.com/title/tt5320412/,tvSeries,8.6,60,2016,"Action, Drama, Fantasy, Romance",10095,2016-08-29,,,
160,tt0077053,2023-07-07,2023-07-07,,Mork & Mindy,https://www.imdb.com/title/tt0077053/,tvSeries,7.1,30,1978,"Comedy, Family, Sci-Fi",12060,1978-09-14,,,
161,tt13634792,2023-07-10,2023-07-10,,Mauseu,https://www.imdb.com/title/tt13634792/,tvSeries,8.7,80,2021,"Action, Crime, Mystery, Sci-Fi, Thriller",8272,2021-02-01,,,
162,tt0096657,2023-07-07,2023-07-07,,Mr. Bean,https://www.imdb.com/title/tt0096657/,tvSeries,8.6,25,1990,"Comedy, Family",126222,1990-01-01,,,
163,tt13400006,2023-07-10,2023-07-10,,Cheolinwanghoo,https://www.imdb.com/title/tt13400006/,tvSeries,8.6,70,2020,"Comedy, Fantasy, Romance",7580,2020-09-21,,8,2023-04-30
164,tt4158110,2023-07-07,2023-07-07,,Mr. Robot,https://www.imdb.com/title/tt4158110/,tvSeries,8.5,49,2015,"Crime, Drama, Thriller",401039,2015-03-17,,,
165,tt7094780,2023-07-10,2023-07-10,,Miseuteo Shunshain,https://www.imdb.com/title/tt7094780/,tvSeries,8.7,80,2018,"Action, Drama, Romance, War",8985,2018-07-07,,,
166,tt0057773,2023-07-07,2023-07-07,,The Munsters,https://www.imdb.com/title/tt0057773/,tvSeries,7.8,30,1964,"Comedy, Family, Fantasy, Horror",16143,1964-09-24,,,
167,tt0074028,2023-07-07,2023-07-07,,The Muppet Show,https://www.imdb.com/title/tt0074028/,tvSeries,8.4,30,1976,"Comedy, Family, Musical",25438,1976-09-05,,,
168,tt7923710,2023-07-07,2023-07-07,,Naui Ajusshi,https://www.imdb.com/title/tt7923710/,tvSeries,9.1,70,2018,"Drama, Family",7870,2018-03-21,,10,2023-04-30
169,tt0460091,2023-07-07,2023-07-07,,My Name Is Earl,https://www.imdb.com/title/tt0460091/,tvSeries,7.8,22,2005,Comedy,106482,2005-09-20,,,
170,tt2707408,2023-07-10,2023-07-10,,Narcos,https://www.imdb.com/title/tt2707408/,tvSeries,8.8,49,2015,"Biography, Crime, Drama, Thriller",445711,2015-08-28,,,
171,tt2297757,2023-07-07,2023-07-07,,Nathan for You,https://www.imdb.com/title/tt2297757/,tvSeries,8.9,30,2013,"Documentary, Comedy",34555,2013-02-28,,,
172,tt0086770,2023-07-07,2023-07-07,,Night Court,https://www.imdb.com/title/tt0086770/,tvSeries,7.7,30,1984,Comedy,16768,1984-01-04,,,
173,tt0290978,2023-07-07,2023-07-07,,The Office,https://www.imdb.com/title/tt0290978/,tvSeries,8.5,30,2001,"Comedy, Drama",117879,2001-07-09,,,
174,tt0386676,2023-07-07,2023-07-07,,The Office,https://www.imdb.com/title/tt0386676/,tvSeries,9.0,22,2005,Comedy,650286,2005-03-24,,,
175,tt12851524,2023-07-07,2023-07-07,,Only Murders in the Building,https://www.imdb.com/title/tt12851524/,tvSeries,8.1,30,2021,"Comedy, Crime, Drama, Mystery, Thriller",115970,2021-08-31,,,
176,tt1266020,2023-07-07,2023-07-07,,Parks and Recreation,https://www.imdb.com/title/tt1266020/,tvSeries,8.6,22,2009,Comedy,272784,2009-04-09,,,
177,tt13146488,2023-07-07,2023-07-07,,Peacemaker,https://www.imdb.com/title/tt13146488/,tvSeries,8.3,40,2022,"Action, Adventure, Comedy, Crime, Fantasy, Sci-Fi",123147,2022-01-12,,,
178,tt2442560,2023-07-07,2023-07-07,,Peaky Blinders,https://www.imdb.com/title/tt2442560/,tvSeries,8.8,60,2013,"Crime, Drama",588304,2013-09-12,,,
179,tt0387764,2023-07-07,2023-07-07,,Peep Show,https://www.imdb.com/title/tt0387764/,tvSeries,8.7,25,2003,Comedy,63348,2003-09-19,,,
180,tt0090501,2023-07-07,2023-07-07,,Perfect Strangers,https://www.imdb.com/title/tt0090501/,tvSeries,7.2,30,1986,"Comedy, Family",10613,1986-03-25,,,
181,tt0795176,2023-07-10,2023-07-10,,Planet Earth,https://www.imdb.com/title/tt0795176/,tvMiniSeries,9.4,538,2006,Documentary,214565,2006-02-27,,,
182,tt0083466,2023-07-07,2023-07-07,,Police Squad!,https://www.imdb.com/title/tt0083466/,tvSeries,8.4,24,1982,"Comedy, Crime",19499,1982-03-04,,,
183,tt0112130,2023-07-10,2023-07-10,,Pride and Prejudice,https://www.imdb.com/title/tt0112130/,tvMiniSeries,8.8,327,1995,"Drama, Romance",88272,1995-09-24,,,
184,tt0061287,2023-07-07,2023-07-07,,The Prisoner,https://www.imdb.com/title/tt0061287/,tvSeries,8.5,50,1967,"Drama, Mystery, Sci-Fi",14536,1967-09-05,,,
185,tt5675620,2023-07-10,2023-07-10,,The Punisher,https://www.imdb.com/title/tt5675620/,tvSeries,8.5,53,2017,"Action, Crime, Drama, Thriller",249780,2017-11-06,,,
186,tt0925266,2023-07-07,2023-07-07,,Pushing Daisies,https://www.imdb.com/title/tt0925266/,tvSeries,8.4,44,2007,"Comedy, Drama, Fantasy, Mystery, Romance",58262,2007-10-03,,,
187,tt0096684,2023-07-07,2023-07-07,,Quantum Leap,https://www.imdb.com/title/tt0096684/,tvSeries,8.2,60,1989,"Action, Adventure, Drama, Mystery, Sci-Fi",34564,1989-03-26,,,
188,tt10048342,2023-07-07,2023-07-07,,The Queen's Gambit,https://www.imdb.com/title/tt10048342/,tvMiniSeries,8.6,60,2020,Drama,496973,2020-10-23,,,
189,tt0094535,2023-07-07,2023-07-07,,Red Dwarf,https://www.imdb.com/title/tt0094535/,tvSeries,8.4,30,1988,"Comedy, Sci-Fi",36284,1988-02-15,,,
190,tt10802170,2023-07-07,2023-07-07,,The Rehearsal,https://www.imdb.com/title/tt10802170/,tvSeries,8.6,30,2022,"Documentary, Comedy",22329,2022-07-15,,,
191,tt0370194,2023-07-07,2023-07-07,,Reno 911!,https://www.imdb.com/title/tt0370194/,tvSeries,7.9,22,2003,"Comedy, Crime",21652,2003-07-23,,,
192,tt5182866,2023-07-10,2023-07-10,,Eung-dab-ha-ra 1988,https://www.imdb.com/title/tt5182866/,tvSeries,9.2,90,2015,"Comedy, Drama, Family, Romance",9010,2015-11-05,,,
193,tt2861424,2023-07-07,2023-07-07,,Rick and Morty,https://www.imdb.com/title/tt2861424/,tvSeries,9.1,23,2013,"Animation, Adventure, Comedy, Sci-Fi",557683,2013-12-02,,,
194,tt0094540,2023-07-07,2023-07-07,,Roseanne,https://www.imdb.com/title/tt0094540/,tvSeries,7.0,21,1988,"Comedy, Drama",44875,1988-10-18,,,
195,tt0068128,2023-07-07,2023-07-07,,Sanford and Son,https://www.imdb.com/title/tt0068128/,tvSeries,7.9,30,1972,Comedy,10210,1972-01-14,,,
196,tt5580540,2023-07-07,2023-07-07,,Santa Clarita Diet,https://www.imdb.com/title/tt5580540/,tvSeries,7.8,30,2017,"Comedy, Horror",72309,2017-01-20,,,
197,tt0096694,2023-07-07,2023-07-07,,Saved by the Bell,https://www.imdb.com/title/tt0096694/,tvSeries,7.1,30,1989,"Comedy, Family, Romance",36364,1989-08-20,,,
198,tt3526078,2023-07-07,2023-07-07,,Schitt's Creek,https://www.imdb.com/title/tt3526078/,tvSeries,8.5,22,2015,Comedy,132001,2015-01-13,,,
199,tt0063950,2023-07-07,2023-07-07,,"Scooby Doo, Where Are You!",https://www.imdb.com/title/tt0063950/,tvSeries,7.9,22,1969,"Animation, Adventure, Comedy, Crime, Family, Mystery",38623,1969-09-13,,,
200,tt0285403,2023-07-07,2023-07-07,,Scrubs,https://www.imdb.com/title/tt0285403/,tvSeries,8.4,22,2001,"Comedy, Drama",263043,2001-10-01,,,
201,tt0098904,2023-07-07,2023-07-07,,Seinfeld,https://www.imdb.com/title/tt0098904/,tvSeries,8.9,22,1989,Comedy,333789,1989-07-05,,,
202,tt11280740,2023-07-07,2023-07-07,,Severance,https://www.imdb.com/title/tt11280740/,tvSeries,8.7,55,2022,"Drama, Mystery, Sci-Fi, Thriller",160013,2022-02-18,,,
203,tt5332206,2023-07-10,2023-07-10,,Sigeuneol,https://www.imdb.com/title/tt5332206/,tvSeries,8.5,80,2016,"Crime, Drama, Fantasy, Sci-Fi, Thriller",8187,2016-01-21,,,
204,tt2575988,2023-07-07,2023-07-07,,Silicon Valley,https://www.imdb.com/title/tt2575988/,tvSeries,8.5,28,2014,Comedy,157994,2014-04-06,,,
205,tt0096697,2023-07-07,2023-07-07,,The Simpsons,https://www.imdb.com/title/tt0096697/,tvSeries,8.7,22,1989,"Animation, Comedy",420057,1989-12-17,,,
206,tt0248654,2023-07-07,2023-07-07,,Six Feet Under,https://www.imdb.com/title/tt0248654/,tvSeries,8.7,60,2001,"Comedy, Drama",139685,2001-06-03,,,
207,tt0075584,2023-07-10,2023-07-10,,Soap,https://www.imdb.com/title/tt0075584/,tvSeries,8.2,30,1977,"Comedy, Drama, Romance",7816,1977-09-13,,,
208,tt0141842,2023-07-07,2023-07-07,,The Sopranos,https://www.imdb.com/title/tt0141842/,tvSeries,9.2,55,1999,"Crime, Drama",429120,1999-01-10,,,
209,tt0121955,2023-07-07,2023-07-07,,South Park,https://www.imdb.com/title/tt0121955/,tvSeries,8.7,22,1997,"Animation, Comedy",390709,1997-08-13,,,
210,tt0187664,2023-07-07,2023-07-07,,Spaced,https://www.imdb.com/title/tt0187664/,tvSeries,8.5,25,1999,"Action, Comedy",56131,1999-09-24,,,
211,tt10919420,2023-07-07,2023-07-07,,Ojing-eo geim,https://www.imdb.com/title/tt10919420/,tvSeries,8.0,55,2021,"Action, Drama, Mystery, Thriller",484951,2021-09-17,,8,2023-04-30
212,tt0060028,2023-07-07,2023-07-07,,Star Trek,https://www.imdb.com/title/tt0060028/,tvSeries,8.4,50,1966,"Action, Adventure, Sci-Fi",88266,1966-09-04,,,
213,tt0092455,2023-07-07,2023-07-07,,Star Trek: The Next Generation,https://www.imdb.com/title/tt0092455/,tvSeries,8.7,44,1987,"Action, Adventure, Sci-Fi",128671,1987-09-26,,,
214,tt0106145,2023-07-07,2023-07-07,,Star Trek: Deep Space Nine,https://www.imdb.com/title/tt0106145/,tvSeries,8.1,45,1993,"Action, Adventure, Drama, Sci-Fi",67050,1993-01-03,,,
215,tt0458290,2023-07-07,2023-07-07,,Star Wars: The Clone Wars,https://www.imdb.com/title/tt0458290/,tvSeries,8.4,23,2008,"Animation, Action, Adventure, Drama, Fantasy, Sci-Fi",108382,2008-08-15,,,
216,tt2930604,2023-07-07,2023-07-07,,Star Wars: Rebels,https://www.imdb.com/title/tt2930604/,tvSeries,8.0,22,2014,"Animation, Action, Adventure, Family, Fantasy, Sci-Fi",49965,2014-08-10,,,
217,tt4574334,2023-07-07,2023-07-07,,Stranger Things,https://www.imdb.com/title/tt4574334/,tvSeries,8.7,51,2016,"Drama, Fantasy, Horror, Mystery, Sci-Fi, Thriller",1254896,2016-07-11,,,
218,tt6263222,2023-07-07,2023-07-07,,Him-ssen yeo-ja Do Bong-soon,https://www.imdb.com/title/tt6263222/,tvSeries,8.2,67,2017,"Comedy, Crime, Drama, Fantasy, Romance, Sci-Fi",14652,2017-02-24,,7,2023-04-30
219,tt7660850,2023-07-07,2023-07-07,,Succession,https://www.imdb.com/title/tt7660850/,tvSeries,8.9,60,2018,"Comedy, Drama",218013,2018-04-27,,,
220,tt0096708,2023-07-07,2023-07-07,,Tales from the Crypt,https://www.imdb.com/title/tt0096708/,tvSeries,8.0,25,1989,"Comedy, Crime, Horror, Thriller",25805,1989-06-10,,,
221,tt0077089,2023-07-07,2023-07-07,,Taxi,https://www.imdb.com/title/tt0077089/,tvSeries,7.7,30,1978,Comedy,14870,1978-09-12,,,
222,tt10986410,2023-07-07,2023-07-07,,Ted Lasso,https://www.imdb.com/title/tt10986410/,tvSeries,8.8,30,2020,"Comedy, Drama, Sport",289911,2020-08-14,,,
223,tt0165598,2023-07-07,2023-07-07,,That '70s Show,https://www.imdb.com/title/tt0165598/,tvSeries,8.1,22,1998,"Comedy, Drama, Romance",183698,1998-08-23,,,
224,tt0459159,2023-07-07,2023-07-07,,The Thick of It,https://www.imdb.com/title/tt0459159/,tvSeries,8.7,29,2005,Comedy,24825,2005-05-19,,,
225,tt5555260,2023-07-07,2023-07-07,,This Is Us,https://www.imdb.com/title/tt5555260/,tvSeries,8.7,45,2016,"Comedy, Drama, Romance",150594,2016-09-19,,,
226,tt0075596,2023-07-07,2023-07-07,,Three's Company,https://www.imdb.com/title/tt0075596/,tvSeries,7.5,30,1976,Comedy,15946,1977-03-15,,,
227,tt0290988,2023-07-07,2023-07-07,,Trailer Park Boys,https://www.imdb.com/title/tt0290988/,tvSeries,8.6,30,2001,"Comedy, Crime",47241,2001-04-22,,,
228,tt2356777,2023-07-07,2023-07-07,,True Detective,https://www.imdb.com/title/tt2356777/,tvSeries,8.9,55,2014,"Crime, Drama, Mystery, Thriller",599927,2014-01-12,,,
229,tt16358384,2023-07-07,2023-07-07,,Tulsa King,https://www.imdb.com/title/tt16358384/,tvSeries,8.1,40,2022,"Crime, Drama",56547,2022-11-13,,,
230,tt17513352,2023-07-07,2023-07-07,,Twenty Five Twenty One,https://www.imdb.com/title/tt17513352/,tvSeries,8.6,70,2022,"Drama, Romance",10379,2022-02-12,,,
231,tt0052520,2023-07-07,2023-07-07,,The Twilight Zone,https://www.imdb.com/title/tt0052520/,tvSeries,9.1,51,1959,"Drama, Fantasy, Horror, Mystery, Sci-Fi, Thriller",88012,1959-10-02,,,
232,tt0098936,2023-07-07,2023-07-07,,Twin Peaks,https://www.imdb.com/title/tt0098936/,tvSeries,8.8,47,1990,"Crime, Drama, Mystery, Thriller",205395,1989-09-28,,10,2023-05-11
233,tt1312171,2023-07-07,2023-07-07,,The Umbrella Academy,https://www.imdb.com/title/tt1312171/,tvSeries,7.9,60,2019,"Action, Adventure, Comedy, Drama, Fantasy, Sci-Fi",259725,2019-02-15,,,
234,tt1759761,2023-07-07,2023-07-07,,Veep,https://www.imdb.com/title/tt1759761/,tvSeries,8.4,28,2012,Comedy,59787,2012-04-22,,,
235,tt3766376,2023-07-07,2023-07-07,,Vice Principals,https://www.imdb.com/title/tt3766376/,tvSeries,8.0,30,2016,Comedy,28867,2016-07-17,,,
236,tt13433812,2023-07-07,2023-07-07,,Binsenjo,https://www.imdb.com/title/tt13433812/,tvSeries,8.4,80,2021,"Action, Comedy, Crime, Drama",22851,2021-02-20,,7,2023-04-30
237,tt1520211,2023-07-07,2023-07-07,,The Walking Dead,https://www.imdb.com/title/tt1520211/,tvSeries,8.1,44,2010,"Drama, Horror, Thriller",1034270,2010-10-31,,,
238,tt13443470,2023-07-07,2023-07-07,,Wednesday,https://www.imdb.com/title/tt13443470/,tvSeries,8.1,45,2022,"Comedy, Crime, Fantasy, Mystery",324842,2022-10-31,,,
239,tt6157148,2023-07-07,2023-07-07,,Yeokdoyojeong Gim Bokju,https://www.imdb.com/title/tt6157148/,tvSeries,8.3,60,2016,"Comedy, Romance",11004,2016-11-16,,,
240,tt0200276,2023-07-07,2023-07-07,,The West Wing,https://www.imdb.com/title/tt0200276/,tvSeries,8.9,44,1999,Drama,81052,1999-09-21,,,
241,tt7908628,2023-07-07,2023-07-07,,What We Do in the Shadows,https://www.imdb.com/title/tt7908628/,tvSeries,8.6,30,2019,"Comedy, Fantasy, Horror",85977,2019-03-04,,,
242,tt8242904,2023-07-07,2023-07-07,,Kimbiseoga wae geureolkka,https://www.imdb.com/title/tt8242904/,tvSeries,8.1,60,2018,"Comedy, Mystery, Romance",15137,2018-06-06,,,
243,tt7137906,2023-07-07,2023-07-07,,When They See Us,https://www.imdb.com/title/tt7137906/,tvMiniSeries,8.9,296,2019,"Biography, Crime, Drama, History",129154,2019-05-31,,,
244,tt6256484,2023-07-10,2023-07-10,,Dangshini Jamdeun Saie,https://www.imdb.com/title/tt6256484/,tvSeries,8.3,30,2017,"Comedy, Drama, Fantasy, Romance, Thriller",8488,2017-09-13,,,
245,tt13406094,2023-07-07,2023-07-07,,The White Lotus,https://www.imdb.com/title/tt13406094/,tvSeries,7.9,60,2021,"Comedy, Drama",177138,2021-07-11,,,
246,tt0086827,2023-07-10,2023-07-10,,Who's the Boss?,https://www.imdb.com/title/tt0086827/,tvSeries,6.6,30,1984,"Comedy, Family, Romance",14559,1984-09-20,,,
247,tt0306414,2023-07-07,2023-07-07,,The Wire,https://www.imdb.com/title/tt0306414/,tvSeries,9.3,59,2002,"Crime, Drama, Thriller",355844,2002-06-02,,,
248,tt0077097,2023-07-07,2023-07-07,,WKRP in Cincinnati,https://www.imdb.com/title/tt0077097/,tvSeries,8.0,30,1978,Comedy,10576,1978-09-18,,,
249,tt0094582,2023-07-07,2023-07-07,,The Wonder Years,https://www.imdb.com/title/tt0094582/,tvSeries,8.4,22,1988,"Comedy, Drama, Family, Romance",39294,1988-01-31,,,
250,tt0106179,2023-07-07,2023-07-07,,The X Files,https://www.imdb.com/title/tt0106179/,tvSeries,8.6,45,1993,"Crime, Drama, Mystery, Sci-Fi, Thriller",235859,1993-09-10,,,
